{
    "classes_per_image": 3.493140318670385,
    "components_per_image": 9.147073249344862,
    "images_per_class": 9970.68,
    "total_component_classes": 25,
    "total_components": 652726,
    "total_file": 71359
}